Thema,Puzzeltypes,Aantal per type,Moeilijkheidsgraad,Rastergrootte,Exportstatus,Bestandsnaam
Kerst,"Woordzoeker, Sudoku, Kruiswoord, Doolhof",30/30/30/20,Moeilijk/Middel/Middel/Moeilijk,15x15/9x9/15x15/15x15,Gegenereerd,kerst_puzzelboek.pdf
Pasen,"Woordzoeker, Sudoku, Kruiswoord, Doolhof",25/30/20/15,Moeilijk/Middel/Makkelijk/Moeilijk,15x15/9x9/15x15/15x15,Gegenereerd,pasen_puzzelboek.pdf
Halloween,"Woordzoeker, Sudoku, Kruiswoord, Doolhof",20/20/20/20,Moeilijk/Middel/Middel/Moeilijk,18x18/9x9/12x12/20x2,Gegenereerd,halloween_puzzelboek.pdf
Algemeen,"Woordzoeker, Sudoku, Kruiswoord, Doolhof",20/20/20/20,Middel/Middel/Middel/Middel,15x15/9x9/15x15/15x15,Gegenereerd,algemeen_puzzelboek.pdf
