{
  "name": "KDP Puzzelboek Automatisering",
  "description": "Start bij Notion, stuur webhook naar Replit, update status",
  "trigger": {
    "platform": "Notion",
    "event": "Nieuwe of gewijzigde rij",
    "database": "KDP_Puzzelboek_Dashboard"
  },
  "action": {
    "platform": "Webhook",
    "method": "POST",
    "url": "https://replit.com/@user/kdp-puzzelboek/generate",
    "body": {
      "thema": "Halloween",
      "puzzeltype": "woordzoeker",
      "aantal": 20,
      "raster": "15x15",
      "moeilijkheid": "middel"
    }
  },
  "update": {
    "platform": "Notion",
    "field": "Exportstatus",
    "value": "Gegenereerd"
  }
}